{"cameraMode":{"drawMode":0,"name":"Shaded","section":"Shading Mode"},"sceneLighting":true,"audioPlay":false,"sceneViewState":{"showFog":true,"showMaterialUpdate":false,"showSkybox":true,"showFlares":true,"showImageEffects":true,"showParticleSystems":true},"in2DMode":false,"pivot":{"x":-1.9633398056030274,"y":-0.000736703397706151,"z":14.760074615478516},"rotation":{"x":-0.11078546941280365,"y":-0.7091368436813355,"z":0.1143803521990776,"w":-0.6869242787361145},"size":10.746581077575684,"orthographic":false}