{"cameraMode":{"drawMode":0,"name":"Shaded","section":"Shading Mode"},"sceneLighting":false,"audioPlay":false,"sceneViewState":{"showFog":true,"showMaterialUpdate":false,"showSkybox":false,"showFlares":true,"showImageEffects":true,"showParticleSystems":true},"in2DMode":false,"pivot":{"x":-0.022915124893188478,"y":1.0381431579589844,"z":-0.016271114349365236},"rotation":{"x":0.000588265887927264,"y":0.9994092583656311,"z":-0.022799991071224214,"w":0.025791486725211145},"size":2.053163528442383,"orthographic":false}