{"cameraMode":{"drawMode":0,"name":"Shaded","section":"Shading Mode"},"sceneLighting":false,"audioPlay":false,"sceneViewState":{"showFog":true,"showMaterialUpdate":false,"showSkybox":false,"showFlares":true,"showImageEffects":true,"showParticleSystems":true},"in2DMode":false,"pivot":{"x":2.3171629905700685,"y":-0.5425992012023926,"z":-0.3678514361381531},"rotation":{"x":0.07329066842794419,"y":0.9025017619132996,"z":-0.17011834681034089,"w":0.3888285756111145},"size":2.2939162254333498,"orthographic":false}