{"cameraMode":{"drawMode":0,"name":"Shaded","section":"Shading Mode"},"sceneLighting":true,"audioPlay":false,"sceneViewState":{"showFog":true,"showMaterialUpdate":false,"showSkybox":true,"showFlares":true,"showImageEffects":true,"showParticleSystems":true},"in2DMode":false,"pivot":{"x":-20.923934936523439,"y":3.815000295639038,"z":-1.4297940731048585},"rotation":{"x":-0.02609947696328163,"y":0.8222888708114624,"z":-0.03775254637002945,"w":-0.5673229098320007},"size":3.9533793926239015,"orthographic":false}